Case Name,Weapon,Rarity,Low Price,High Price
Fever Case,AWP | Printstream,Covert,45.00,398.50
Fever Case,FAMAS | Bad Trip,Covert,1.78,17.75
Fever Case,UMP-45 | K.O. Factory,Classified,3.00,21.25
Fever Case,Glock-18 | Shinobu,Classified,4.02,26.25
Fever Case,AK-47 | Searing Rage,Classified,3.74,33.00
Fever Case,Desert Eagle | Serpent Strike,Restricted,0.41,3.07
Fever Case,Zeus x27 | Tosai,Restricted,0.35,3.49
Fever Case,P90 | Wave Breaker,Restricted,0.31,3.68
Fever Case,Nova | Rising Sun,Restricted,0.30,3.80
Fever Case,Galil AR | Control,Restricted,0.38,3.42
Fever Case,XM1014 | Mockingbird,Mil-Spec,0.06,0.51
Fever Case,MP9 | Nexus,Mil-Spec,0.06,0.59
Fever Case,USP-S | PC-GRN,Mil-Spec,0.08,0.86
Fever Case,SSG 08 | Memorial,Mil-Spec,0.07,0.52
Fever Case,P2000 | Sure Grip,Mil-Spec,0.06,0.38
Fever Case,MAG-7 | Resupply,Mil-Spec,0.07,0.49
Fever Case,M4A4 | Choppa,Mil-Spec,0.06,0.74
Gallery Case,M4A1-S | Vaporwave,Covert,67.40,279.33
Gallery Case,Glock-18 | Gold Toof,Covert,9.16,60.98
Gallery Case,UMP-45 | Neo-Noir,Classified,4.78,25.71
Gallery Case,P250 | Epicenter,Classified,4.89,18.45
Gallery Case,AK-47 | The Outsiders,Classified,4.83,59.26
Gallery Case,SSG 08 | Rapid Transit,Restricted,0.80,4.84
Gallery Case,P90 | Randy Rush,Restricted,0.73,3.82
Gallery Case,MAC-10 | SaibƒÅ Oni,Restricted,0.71,4.67
Gallery Case,Dual Berettas | Hydro Strike,Restricted,0.73,4.64
Gallery Case,M4A4 | Turbine,Restricted,0.71,6.18
Gallery Case,SCAR-20 | Trail Blazer,Mil-Spec,0.11,0.69
Gallery Case,R8 Revolver | Tango,Mil-Spec,0.12,0.85
Gallery Case,M249 | Hypnosis,Mil-Spec,0.13,0.75
Gallery Case,AUG | Luxe Trim,Mil-Spec,0.12,0.85
Gallery Case,MP5-SD | Statics,Mil-Spec,0.13,0.93
Gallery Case,Desert Eagle | Calligraffiti,Mil-Spec,0.12,1.22
Gallery Case,USP-S | 027,Mil-Spec,N/A,N/A
Kilowatt Case,AK-47 | Inheritance,Covert,76.10,259.99
Kilowatt Case,AWP | Chrome Cannon,Covert,17.18,139.50
Kilowatt Case,M4A1-S | Black Lotus,Classified,10.00,25.47
Kilowatt Case,Zeus x27 | Olympus,Classified,5.22,23.38
Kilowatt Case,USP-S | Jawbreaker,Classified,5.69,27.90
Kilowatt Case,Glock-18 | Block-18,Restricted,0.78,3.10
Kilowatt Case,Sawed-Off | Analog Input,Restricted,0.73,3.14
Kilowatt Case,M4A4 | Etch Lord,Restricted,0.69,3.81
Kilowatt Case,Five-SeveN | Hybrid,Restricted,0.71,2.88
Kilowatt Case,MP7 | Just Smile,Restricted,0.70,3.11
Kilowatt Case,MAC-10 | Light Box,Mil-Spec,0.09,0.70
Kilowatt Case,SSG 08 | Dezastre,Mil-Spec,0.09,0.47
Kilowatt Case,Dual Berettas | Hideout,Mil-Spec,0.09,0.37
Kilowatt Case,UMP-45 | Motorized,Mil-Spec,0.09,0.35
Kilowatt Case,Tec-9 | Slag,Mil-Spec,0.09,0.41
Kilowatt Case,Nova | Dark Sigil,Mil-Spec,0.09,0.36
Kilowatt Case,XM1014 | Irezumi,Mil-Spec,0.09,0.35
Revolution Case,M4A4 | Temukau,Covert,7.28,135.70
Revolution Case,AK-47 | Head Shot,Covert,4.69,58.30
Revolution Case,AWP | Duality,Classified,1.91,14.98
Revolution Case,P2000 | Wicked Sick,Classified,1.34,14.16
Revolution Case,UMP-45 | Wild Child,Classified,1.40,17.32
Revolution Case,M4A1-S | Emphorosaur-S,Restricted,0.43,3.71
Revolution Case,R8 Revolver | Banana Cannon,Restricted,0.28,2.32
Revolution Case,Glock-18 | Umbral Rabbit,Restricted,0.31,2.00
Revolution Case,P90 | Neoqueen,Restricted,0.32,1.81
Revolution Case,MAC-10 | Sakkaku,Restricted,0.29,0.70
Revolution Case,MP9 | Featherweight,Mil-Spec,0.07,0.40
Revolution Case,SG 553 | Cyberforce,Mil-Spec,0.07,0.36
Revolution Case,SCAR-20 | Fragments,Mil-Spec,0.07,0.34
Revolution Case,MP5-SD | Liquidation,Mil-Spec,0.07,0.40
Revolution Case,MAG-7 | Insomnia,Mil-Spec,0.06,0.36
Revolution Case,Tec-9 | Rebel,Mil-Spec,0.07,0.36
Revolution Case,P250 | Re.built,Mil-Spec,0.06,0.36
Recoil Case,USP-S | Printstream,Covert,29.18,175.00
Recoil Case,AWP | Chromatic Aberration,Covert,6.64,18.72
Recoil Case,AK-47 | Ice Coaled,Classified,3.73,18.17
Recoil Case,P250 | Visions,Classified,2.48,12.50
Recoil Case,Sawed-Off | Kiss Love,Classified,2.58,15.66
Recoil Case,SG 553 | Dragon Tech,Restricted,0.39,2.24
Recoil Case,M249 | Downtown,Restricted,0.37,2.07
Recoil Case,Dual Berettas | Flora Carnivora,Restricted,0.35,2.46
Recoil Case,R8 Revolver | Crazy 8,Restricted,0.40,2.66
Recoil Case,P90 | Vent Push,Restricted,0.34,1.92
Recoil Case,M4A4 | Poly Mag,Mil-Spec,0.07,0.41
Recoil Case,Galil AR | Destroyer,Mil-Spec,0.07,0.34
Recoil Case,Glock-18 | Winterized,Mil-Spec,0.08,0.40
Recoil Case,FAMAS | Meow 36,Mil-Spec,0.07,0.42
Recoil Case,UMP-45 | Roadblock,Mil-Spec,0.07,0.34
Recoil Case,Negev | Drop Me,Mil-Spec,0.07,0.34
Recoil Case,MAC-10 | Monkeyflage,Mil-Spec,0.07,0.36
Dreams & Nightmares Case,AK-47 | Nightwish,Covert,5.48,104.83
Dreams & Nightmares Case,MP9 | Starlight Protector,Covert,2.15,19.61
Dreams & Nightmares Case,Dual Berettas | Melondrama,Classified,1.27,11.46
Dreams & Nightmares Case,FAMAS | Rapid Eye Movement,Classified,1.35,11.47
Dreams & Nightmares Case,MP7 | Abyssal Apparition,Classified,1.35,11.97
Dreams & Nightmares Case,M4A1-S | Night Terror,Restricted,0.48,1.99
Dreams & Nightmares Case,USP-S | Ticket to Hell,Restricted,0.27,2.13
Dreams & Nightmares Case,PP-Bizon | Space Cat,Restricted,0.28,1.96
Dreams & Nightmares Case,XM1014 | Zombie Offensive,Restricted,0.28,1.58
Dreams & Nightmares Case,G3SG1 | Dream Glade,Restricted,0.27,1.92
Dreams & Nightmares Case,SCAR-20 | Poultrygeist,Mil-Spec,0.07,0.31
Dreams & Nightmares Case,MAC-10 | Ensnared,Mil-Spec,0.06,0.47
Dreams & Nightmares Case,Five-SeveN | Scrawl,Mil-Spec,0.07,0.41
Dreams & Nightmares Case,MAG-7 | Foresight,Mil-Spec,0.07,0.35
Dreams & Nightmares Case,MP5-SD | Necro Jr.,Mil-Spec,0.06,0.34
Dreams & Nightmares Case,P2000 | Lifted Spirits,Mil-Spec,0.06,0.39
Dreams & Nightmares Case,Sawed-Off | Spirit Board,Mil-Spec,0.06,0.64
Operation Riptide Case,Desert Eagle | Ocean Drive,Covert,18.99,230.00
Operation Riptide Case,AK-47 | Leet Museo,Covert,42.92,489.99
Operation Riptide Case,Glock-18 | Snack Attack,Classified,6.58,39.99
Operation Riptide Case,MAC-10 | Toybox,Classified,7.66,43.35
Operation Riptide Case,SSG 08 | Turbo Peek,Classified,9.55,36.57
Operation Riptide Case,AUG | Plague,Mil-Spec,1.06,2.38
Operation Riptide Case,FAMAS | ZX Spectron,Restricted,1.56,10.62
Operation Riptide Case,Five-SeveN | Boost Protocol,Restricted,2.58,6.48
Operation Riptide Case,G3SG1 | Keeping Tabs,Mil-Spec,0.96,2.30
Operation Riptide Case,MP7 | Guerilla,Mil-Spec,0.96,2.87
Operation Riptide Case,MP9 | Mount Fuji,Restricted,6.06,19.28
Operation Riptide Case,PP-Bizon | Lumen,Mil-Spec,1.11,2.50
Operation Riptide Case,USP-S | Black Lotus,Mil-Spec,1.09,11.28
Operation Riptide Case,XM1014 | Watchdog,Mil-Spec,1.08,6.82
Operation Riptide Case,Dual Berettas | Tread,Mil-Spec,1.07,3.06
Operation Riptide Case,MAG-7 | BI83 Spectrum,Restricted,1.41,4.68
Operation Riptide Case,M4A4 | Spider Lily,Restricted,3.42,49.58
Snakebite Case,USP-S | The Traitor,Covert,10.18,77.00
Snakebite Case,M4A4 | In Living Color,Covert,6.22,58.00
Snakebite Case,Galil AR | Chromatic Aberration,Classified,2.23,13.62
Snakebite Case,MP9 | Food Chain,Classified,2.35,12.88
Snakebite Case,XM1014 | XOXO,Classified,1.73,12.51
Snakebite Case,AK-47 | Slate,Restricted,3.85,18.93
Snakebite Case,Desert Eagle | Trigger Discipline,Restricted,0.39,4.00
Snakebite Case,P250 | Cyber Shell,Restricted,0.35,2.00
Snakebite Case,Negev | dev_texture,Restricted,0.31,1.97
Snakebite Case,MAC-10 | Button Masher,Restricted,0.31,1.65
Snakebite Case,Glock-18 | Clear Polymer,Mil-Spec,0.20,1.57
Snakebite Case,Nova | Windblown,Mil-Spec,0.28,0.71
Snakebite Case,SG 553 | Heavy Metal,Mil-Spec,0.21,0.98
Snakebite Case,UMP-45 | Oscillator,Mil-Spec,0.23,0.65
Snakebite Case,CZ75-Auto | Circaetus,Mil-Spec,0.23,0.89
Snakebite Case,R8 Revolver | Junk Yard,Mil-Spec,0.24,0.87
Snakebite Case,M249 | O.S.I.P.R.,Mil-Spec,0.23,0.83
Operation Broken Fang Case,M4A1-S | Printstream,Covert,312.75,"1,500.00"
Operation Broken Fang Case,Glock-18 | Neo-Noir,Covert,12.85,98.94
Operation Broken Fang Case,Five-SeveN | Fairy Tale,Classified,29.99,122.59
Operation Broken Fang Case,M4A4 | Cyber Security,Classified,27.46,147.38
Operation Broken Fang Case,USP-S | Monster Mashup,Classified,29.98,104.00
Operation Broken Fang Case,AWP | Exoskeleton,Restricted,4.29,16.11
Operation Broken Fang Case,Dual Berettas | Dezastre,Restricted,3.93,13.89
Operation Broken Fang Case,UMP-45 | Gold Bismuth,Restricted,4.06,16.10
Operation Broken Fang Case,Nova | Clear Polymer,Restricted,4.14,12.10
Operation Broken Fang Case,SSG 08 | Parallax,Restricted,3.56,12.25
Operation Broken Fang Case,Galil AR | Vandal,Mil-Spec,1.06,2.53
Operation Broken Fang Case,M249 | Deep Relief,Mil-Spec,1.11,2.35
Operation Broken Fang Case,CZ75-Auto | Vendetta,Mil-Spec,0.95,2.37
Operation Broken Fang Case,G3SG1 | Digital Mesh,Mil-Spec,1.24,2.30
Operation Broken Fang Case,MP5-SD | Condition Zero,Mil-Spec,1.18,2.16
Operation Broken Fang Case,P90 | Cocoa Rampage,Mil-Spec,1.01,2.10
Operation Broken Fang Case,P250 | Contaminant,Mil-Spec,1.06,1.80
Fracture Case,Desert Eagle | Printstream,Covert,35.04,118/75
Fracture Case,AK-47 | Legion of Anubis,Covert,5.63,24.45
Fracture Case,Glock-18 | Vogue,Classified,2.55,11.29
Fracture Case,M4A4 | Tooth Fairy,Classified,2.77,12.50
Fracture Case,XM1014 | Entombed,Classified,2.67,12.00
Fracture Case,MAG-7 | Monster Call,Restricted,0.31,2.38
Fracture Case,MAC-10 | Allure,Restricted,0.32,2.23
Fracture Case,Tec-9 | Brother,Restricted,0.32,2.22
Fracture Case,Galil AR | Connexion,Restricted,0.34,1.80
Fracture Case,MP5-SD | Kitbash,Restricted,0.32,1.88
Fracture Case,SSG 08 | Mainframe 001,Mil-Spec,0.07,0.39
Fracture Case,PP-Bizon | Runic,Mil-Spec,0.07,0.38
Fracture Case,P2000 | Gnarled,Mil-Spec,0.07,0.42
Fracture Case,P90 | Freight,Mil-Spec,0.07,0.39
Fracture Case,P250 | Cassette,Mil-Spec,0.07,0.36
Fracture Case,SG 553 | Ol' Rusty,Mil-Spec,0.07,0.34
Fracture Case,Negev | Ultralight,Mil-Spec,0.07,0.34
Prisma 2 Case,M4A1-S | Player Two,Covert,23.70,247.25
Prisma 2 Case,Glock-18 | Bullet Queen,Covert,4.22,52.50
Prisma 2 Case,AK-47 | Phantom Disruptor,Classified,3.88,43.20
Prisma 2 Case,MAC-10 | Disco Tech,Classified,2.26,26.56
Prisma 2 Case,MAG-7 | Justice,Classified,2.24,17.56
Prisma 2 Case,SSG 08 | Fever Dream,Restricted,0.55,2.89
Prisma 2 Case,SG 553 | Darkwing,Restricted,0.37,3.22
Prisma 2 Case,P2000 | Acid Etched,Restricted,0.40,3.35
Prisma 2 Case,SCAR-20 | Enforcer,Restricted,0.39,2.91
Prisma 2 Case,Sawed-Off | Apocalypto,Restricted,0.36,3.17
Prisma 2 Case,AWP | Capillary,Mil-Spec,0.42,3.51
Prisma 2 Case,Desert Eagle | Blue Ply,Mil-Spec,0.21,2.18
Prisma 2 Case,AUG | Tom Cat,Mil-Spec,0.16,0.49
Prisma 2 Case,Negev | Prototype,Mil-Spec,0.16,0.41
Prisma 2 Case,CZ75-Auto | Distressed,Mil-Spec,0.12,0.50
Prisma 2 Case,MP5-SD | Desert Strike,Mil-Spec,0.11,0.43
Prisma 2 Case,R8 Revolver | Bone Forged,Mil-Spec,0.13,0.35
Shattered Web Case,AWP | Containment Breach,Covert,71.02,734.29
Shattered Web Case,MAC-10 | Stalker,Covert,12.88,94.09
Shattered Web Case,SSG 08 | Bloodshot,Classified,13.88,111.85
Shattered Web Case,Tec-9 | Decimator,Classified,17.18,74.75
Shattered Web Case,SG 553 | Colony IV,Classified,7.64,73.18
Shattered Web Case,AK-47 | Rat Rod,Restricted,3.63,74.49
Shattered Web Case,AUG | Arctic Wolf,Restricted,1.52,6.99
Shattered Web Case,P2000 | Obsidian,Restricted,1.58,9.77
Shattered Web Case,PP-Bizon | Embargo,Restricted,1.77,7.89
Shattered Web Case,MP7 | Neon Ply,Restricted,1.38,8.92
Shattered Web Case,Dual Berettas | Balance,Mil-Spec,1.17,5.37
Shattered Web Case,R8 Revolver | Memento,Mil-Spec,1.38,2.73
Shattered Web Case,M249 | Warbird,Mil-Spec,1.18,3.92
Shattered Web Case,SCAR-20 | Torn,Mil-Spec,1.47,2.11
Shattered Web Case,MP5-SD | Acid Wash,Mil-Spec,1.38,2.25
Shattered Web Case,Nova | Plume,Mil-Spec,1.23,2.12
Shattered Web Case,G3SG1 | Black Sand,Mil-Spec,1.16,2.30
CS20 Case,AWP | Wildfire,Covert,58.00,210.00
CS20 Case,FAMAS | Commemoration,Covert,7.53,18.87
CS20 Case,MP9 | Hydra,Classified,5.77,28.00
CS20 Case,AUG | Death by Puppy,Classified,5.64,17.55
CS20 Case,P90 | Nostalgia,Classified,5.43,17.61
CS20 Case,MP5-SD | Agent,Restricted,0.75,5.21
CS20 Case,P250 | Inferno,Restricted,0.75,3.04
CS20 Case,Five-SeveN | Buddy,Restricted,0.75,2.55
CS20 Case,UMP-45 | Plastique,Restricted,0.70,3.00
CS20 Case,M249 | Aztec,Restricted,0.57,2.96
CS20 Case,Glock-18 | Sacrifice,Mil-Spec,0.26,1.74
CS20 Case,FAMAS | Decommissioned,Mil-Spec,0.23,0.86
CS20 Case,Tec-9 | Flash Out,Mil-Spec,0.23,0.40
CS20 Case,Dual Berettas | Elite 1.6,Mil-Spec,0.24,0.43
CS20 Case,MAC-10 | Classic Crate,Mil-Spec,0.24,0.55
CS20 Case,MAG-7 | Popdog,Mil-Spec,0.21,0.48
CS20 Case,SCAR-20 | Assault,Mil-Spec,0.23,0.41
Prisma Case,M4A4 | The Emperor,Covert,14.37,272.69
Prisma Case,Five-SeveN | Angry Mob,Covert,3.86,29.84
Prisma Case,AUG | Momentum,Classified,1.72,26.52
Prisma Case,XM1014 | Incinegator,Classified,1.90,17.45
Prisma Case,R8 Revolver | Skull Crusher,Classified,1.73,2.48
Prisma Case,AWP | Atheris,Restricted,3.82,19.02
Prisma Case,Desert Eagle | Light Rail,Restricted,0.59,5.93
Prisma Case,Tec-9 | Bamboozle,Restricted,0.43,2.57
Prisma Case,UMP-45 | Moonrise,Restricted,0.47,1.91
Prisma Case,MP5-SD | Gauss,Restricted,0.31,2.42
Prisma Case,AK-47 | Uncharted,Mil-Spec,0.40,1.61
Prisma Case,MAC-10 | Whitefish,Mil-Spec,0.21,1.27
Prisma Case,P250 | Verdigris,Mil-Spec,0.24,0.88
Prisma Case,Galil AR | Akoben,Mil-Spec,0.27,0.94
Prisma Case,P90 | Off World,Mil-Spec,0.20,0.81
Prisma Case,FAMAS | Crypsis,Mil-Spec,0.27,0.66
Prisma Case,MP7 | Mischief,Mil-Spec,0.23,0.66
Danger Zone Case,AK-47 | Asiimov,Covert,37.16,375.88
Danger Zone Case,AWP | Neo-Noir,Covert,28.36,43.59
Danger Zone Case,Desert Eagle | Mecha Industries,Classified,5.24,13.34
Danger Zone Case,MP5-SD | Phosphor,Classified,3.92,13.73
Danger Zone Case,UMP-45 | Momentum,Classified,4.18,13.02
Danger Zone Case,P250 | Nevermore,Restricted,0.94,3.24
Danger Zone Case,MAC-10 | Pipe Down,Restricted,0.52,3.22
Danger Zone Case,USP-S | Flashback,Restricted,0.66,2.26
Danger Zone Case,Galil AR | Signal,Restricted,0.62,2.11
Danger Zone Case,G3SG1 | Scavenger,Restricted,0.51,2.01
Danger Zone Case,M4A4 | Magnesium,Mil-Spec,0.15,3.22
Danger Zone Case,Tec-9 | Fubar,Mil-Spec,0.13,0.89
Danger Zone Case,Glock-18 | Oxide Blaze,Mil-Spec,0.14,0.63
Danger Zone Case,MP9 | Modest Threat,Mil-Spec,0.14,0.40
Danger Zone Case,SG 553 | Danger Close,Mil-Spec,0.12,0.49
Danger Zone Case,Sawed-Off | Black Sand,Mil-Spec,0.12,0.53
Danger Zone Case,Nova | Wood Fired,Mil-Spec,0.14,0.38
Horizon Case,AK-47 | Neon Rider,Covert,48.80,265.47
Horizon Case,Desert Eagle | Code Red,Covert,22.20,105.54
Horizon Case,M4A1-S | Nightmare,Classified,9.01,78.28
Horizon Case,FAMAS | Eye of Athena,Classified,4.42,22.50
Horizon Case,Sawed-Off | Devourer,Classified,4.64,24.12
Horizon Case,AWP | PAW,Restricted,1.72,5.59
Horizon Case,Nova | Toy Soldier,Restricted,0.80,5.49
Horizon Case,CZ75-Auto | Eco,Restricted,0.69,5.55
Horizon Case,MP7 | Powercore,Restricted,0.80,5.01
Horizon Case,G3SG1 | High Seas,Restricted,0.93,4.27
Horizon Case,P90 | Traction,Mil-Spec,0.28,1.69
Horizon Case,Tec-9 | Snek-9,Mil-Spec,0.26,1.58
Horizon Case,Glock-18 | Warhawk,Mil-Spec,0.27,1.31
Horizon Case,MP9 | Capillary,Mil-Spec,0.28,0.93
Horizon Case,Dual Berettas | Shred,Mil-Spec,0.27,0.59
Horizon Case,R8 Revolver | Survivalist,Mil-Spec,0.28,0.59
Horizon Case,AUG | Amber Slipstream,Mil-Spec,0.26,0.58
Clutch Case,M4A4 | Neo-Noir,Covert,6.67,64.55
Clutch Case,MP7 | Bloodsport,Covert,1.54,6.16
Clutch Case,USP-S | Cortex,Classified,2.66,14.63
Clutch Case,AWP | Mortis,Classified,2.41,12.72
Clutch Case,AUG | Stymphalian,Classified,1.75,9.38
Clutch Case,Glock-18 | Moonrise,Restricted,0.57,2.44
Clutch Case,MAG-7 | SWAG-7,Restricted,0.35,2.81
Clutch Case,Negev | Lionfish,Restricted,0.36,1.99
Clutch Case,Nova | Wild Six,Restricted,0.34,2.12
Clutch Case,UMP-45 | Arctic Wolf,Restricted,0.35,2.26
Clutch Case,Five-SeveN | Flame Test,Mil-Spec,0.08,0.38
Clutch Case,R8 Revolver | Grip,Mil-Spec,0.08,0.51
Clutch Case,MP9 | Black Sand,Mil-Spec,0.08,0.46
Clutch Case,XM1014 | Oxide Blaze,Mil-Spec,0.07,0.38
Clutch Case,SG 553 | Aloha,Mil-Spec,0.08,0.39
Clutch Case,PP-Bizon | Night Riot,Mil-Spec,0.08,0.36
Clutch Case,P2000 | Urban Hazard,Mil-Spec,0.08,0.41
Spectrum 2 Case,AK-47 | The Empress,Covert,40.96,301.34
Spectrum 2 Case,P250 | See Ya Later,Covert,2.92,23.92
Spectrum 2 Case,M4A1-S | Leaded Glass,Classified,5.30,32.32
Spectrum 2 Case,PP-Bizon | High Roller,Classified,3.33,20.54
Spectrum 2 Case,R8 Revolver | Llama Cannon,Classified,3.45,26.00
Spectrum 2 Case,MP9 | Goo,Restricted,0.52,2.78
Spectrum 2 Case,XM1014 | Ziggy,Restricted,0.51,2.62
Spectrum 2 Case,CZ75-Auto | Tacticat,Restricted,0.51,2.53
Spectrum 2 Case,UMP-45 | Exposure,Restricted,0.54,2.20
Spectrum 2 Case,SG 553 | Phantom,Restricted,0.49,2.36
Spectrum 2 Case,Glock-18 | Off World,Mil-Spec,0.18,1.04
Spectrum 2 Case,Tec-9 | Cracked Opal,Mil-Spec,0.13,0.89
Spectrum 2 Case,AUG | Triqua,Mil-Spec,0.13,0.58
Spectrum 2 Case,G3SG1 | Hunter,Mil-Spec,0.12,0.65
Spectrum 2 Case,MAC-10 | Oceanic,Mil-Spec,0.13,0.32
Spectrum 2 Case,Sawed-Off | Morris,Mil-Spec,0.11,0.62
Spectrum 2 Case,SCAR-20 | Jungle Slipstream,Mil-Spec,0.12,0.36
Operation Hydra Case,AWP | Oni Taiji,Covert,224.73,749.60
Operation Hydra Case,Five-SeveN | Hyper Beast,Covert,35.54,188.83
Operation Hydra Case,M4A4 | Hellfire,Classified,63.55,165.17
Operation Hydra Case,Galil AR | Sugar Rush,Classified,53.45,92.00
Operation Hydra Case,Dual Berettas | Cobra Strike,Classified,53.45,74.75
Operation Hydra Case,AK-47 | Orbit Mk01,Restricted,24.95,69.00
Operation Hydra Case,P2000 | Woodsman,Restricted,8.42,19.20
Operation Hydra Case,P250 | Red Rock,Restricted,7.73,41.22
Operation Hydra Case,SSG 08 | Death's Head,Restricted,8.24,17.38
Operation Hydra Case,P90 | Death Grip,Restricted,7.73,17.54
Operation Hydra Case,USP-S | Blueprint,Mil-Spec,4.40,38.73
Operation Hydra Case,M4A1-S | Briefing,Mil-Spec,3.06,26.17
Operation Hydra Case,Tec-9 | Cut Out,Mil-Spec,2.93,10.00
Operation Hydra Case,MAG-7 | Hard Water,Mil-Spec,3.53,4.94
Operation Hydra Case,MAC-10 | Aloha,Mil-Spec,2.76,5.11
Operation Hydra Case,FAMAS | Macabre,Mil-Spec,2.43,5.56
Operation Hydra Case,UMP-45 | Metal Flowers,Mil-Spec,2.61,4.38
Spectrum Case,AK-47 | Bloodsport,Covert,233.87,412.91
Spectrum Case,USP-S | Neo-Noir,Covert,18.89,55.38
Spectrum Case,M4A1-S | Decimator,Classified,17.19,87.67
Spectrum Case,CZ75-Auto | Xiangliu,Classified,17.42,28.23
Spectrum Case,AWP | Fever Dream,Classified,17.30,30.87
Spectrum Case,Galil AR | Crimson Tsunami,Restricted,1.97,5.87
Spectrum Case,MAC-10 | Last Dive,Restricted,2.59,5.47
Spectrum Case,XM1014 | Seasons,Restricted,2.30,6.14
Spectrum Case,M249 | Emerald Poison Dart,Restricted,2.25,5.72
Spectrum Case,UMP-45 | Scaffold,Restricted,2.43,5.77
Spectrum Case,Desert Eagle | Oxide Blaze,Mil-Spec,0.41,0.78
Spectrum Case,Five-SeveN | Capillary,Mil-Spec,0.36,0.72
Spectrum Case,Sawed-Off | Zander,Mil-Spec,0.29,0.95
Spectrum Case,MP7 | Akoben,Mil-Spec,0.39,0.73
Spectrum Case,P250 | Ripple,Mil-Spec,0.41,0.66
Spectrum Case,SCAR-20 | Blueprint,Mil-Spec,0.36,0.81
Spectrum Case,PP-Bizon | Jungle Slipstream,Mil-Spec,0.36,0.65
Glove Case,SSG 08 | Dragonfire,Covert,17.95,47.75
Glove Case,M4A4 | Buzz Kill,Covert,10.73,117.41
Glove Case,FAMAS | Mecha Industries,Classified,4.53,14.85
Glove Case,Sawed-Off | Wasteland Princess,Classified,2.23,11.18
Glove Case,P90 | Shallow Grave,Classified,2.22,11.58
Glove Case,USP-S | Cyrex,Restricted,1.01,4.89
Glove Case,M4A1-S | Flashback,Restricted,0.50,4.74
Glove Case,Dual Berettas | Royal Consorts,Restricted,0.48,4.96
Glove Case,Nova | Gila,Restricted,0.51,1.96
Glove Case,G3SG1 | Stinger,Restricted,0.43,3.02
Glove Case,Glock-18 | Ironwork,Mil-Spec,0.26,2.30
Glove Case,P2000 | Turf,Mil-Spec,0.24,1.30
Glove Case,MP7 | Cirrus,Mil-Spec,0.27,1.04
Glove Case,Galil AR | Black Sand,Mil-Spec,0.24,0.65
Glove Case,MP9 | Sand Scale,Mil-Spec,0.28,0.60
Glove Case,MAG-7 | Sonar,Mil-Spec,0.29,0.40
Glove Case,CZ75-Auto | Polymer,Mil-Spec,0.23,0.46
Gamma 2 Case,AK-47 | Neon Revolution,Covert,23.54,174.48
Gamma 2 Case,FAMAS | Roll Cage,Covert,2.38,25.64
Gamma 2 Case,Tec-9 | Fuel Injector,Classified,4.14,32.84
Gamma 2 Case,MP9 | Airlock,Classified,2.10,15.24
Gamma 2 Case,AUG | Syd Mead,Classified,2.27,18.40
Gamma 2 Case,Desert Eagle | Directive,Restricted,0.41,13.64
Gamma 2 Case,Glock-18 | Weasel,Restricted,0.38,3.61
Gamma 2 Case,SG 553 | Triarch,Restricted,0.40,3.01
Gamma 2 Case,MAG-7 | Petroglyph,Restricted,0.43,2.58
Gamma 2 Case,SCAR-20 | Powercore,Restricted,0.41,2.66
Gamma 2 Case,Negev | Dazzle,Mil-Spec,0.11,0.74
Gamma 2 Case,P90 | Grim,Mil-Spec,0.13,0.65
Gamma 2 Case,Five-SeveN | Scumbria,Mil-Spec,0.11,0.69
Gamma 2 Case,CZ75-Auto | Imprint,Mil-Spec,0.15,0.78
Gamma 2 Case,XM1014 | Slipstream,Mil-Spec,0.15,0.47
Gamma 2 Case,G3SG1 | Ventilator,Mil-Spec,0.19,0.36
Gamma 2 Case,UMP-45 | Briefing,Mil-Spec,0.12,0.52
Gamma Case,M4A1-S | Mecha Industries,Covert,32.92,222.00
Gamma Case,Glock-18 | Wasteland Rebel,Covert,4.25,10.69
Gamma Case,M4A4 | Desolate Space,Classified,6.96,55.60
Gamma Case,P2000 | Imperial Dragon,Classified,3.65,16.58
Gamma Case,SCAR-20 | Bloodsport,Classified,3.91,13.50
Gamma Case,AWP | Phobos,Restricted,1.90,4.44
Gamma Case,R8 Revolver | Reboot,Restricted,0.54,4.23
Gamma Case,AUG | Aristocrat,Restricted,0.85,3.77
Gamma Case,Sawed-Off | Limelight,Restricted,0.49,4.14
Gamma Case,P90 | Chopper,Restricted,0.64,4.05
Gamma Case,Five-SeveN | Violent Daimyo,Mil-Spec,0.34,1.39
Gamma Case,Tec-9 | Ice Cap,Mil-Spec,0.28,0.96
Gamma Case,P250 | Iron Clad,Mil-Spec,0.30,1.04
Gamma Case,MAC-10 | Carnivore,Mil-Spec,0.27,1.10
Gamma Case,PP-Bizon | Harvester,Mil-Spec,0.27,0.81
Gamma Case,Nova | Exo,Mil-Spec,0.34,0.74
Gamma Case,SG 553 | Aerial,Mil-Spec,0.29,0.46
Chroma 3 Case,M4A1-S | Chantico's Fire,Covert,23.88,255.00
Chroma 3 Case,PP-Bizon | Judgement of Anubis,Covert,4.27,10.72
Chroma 3 Case,P250 | Asiimov,Classified,2.47,27.29
Chroma 3 Case,AUG | Fleet Flock,Classified,2.01,30.03
Chroma 3 Case,UMP-45 | Primal Saber,Classified,2.41,24.84
Chroma 3 Case,SSG 08 | Ghost Crusader,Restricted,0.37,3.99
Chroma 3 Case,XM1014 | Black Tie,Restricted,0.40,3.35
Chroma 3 Case,Galil AR | Firefight,Restricted,0.34,3.18
Chroma 3 Case,Tec-9 | Re-Entry,Restricted,0.46,2.89
Chroma 3 Case,CZ75-Auto | Red Astor,Restricted,0.37,3.06
Chroma 3 Case,Sawed-Off | Fubar,Mil-Spec,0.13,0.20
Chroma 3 Case,MP9 | Bioleak,Mil-Spec,0.16,0.40
Chroma 3 Case,Dual Berettas | Ventilators,Mil-Spec,0.21,0.36
Chroma 3 Case,P2000 | Oceanic,Mil-Spec,0.14,0.36
Chroma 3 Case,SG 553 | Atlas,Mil-Spec,0.24,0.40
Chroma 3 Case,M249 | Spectre,Mil-Spec,0.14,0.35
Chroma 3 Case,G3SG1 | Orange Crash,Mil-Spec,0.13,0.36
Operation Wildfire Case,AK-47 | Fuel Injector,Covert,230.00,"1,200.00"
Operation Wildfire Case,M4A4 | The Battlestar,Covert,6.80,39.58
Operation Wildfire Case,Desert Eagle | Kumicho Dragon,Classified,27.00,61.47
Operation Wildfire Case,Nova | Hyper Beast,Classified,25.83,58.60
Operation Wildfire Case,AWP | Elite Build,Classified,18.95,64.02
Operation Wildfire Case,Glock-18 | Royal Legion,Restricted,2.64,10.25
Operation Wildfire Case,Five-SeveN | Triumvirate,Restricted,2.68,6.25
Operation Wildfire Case,FAMAS | Valence,Restricted,2.57,8.74
Operation Wildfire Case,MP7 | Impire,Restricted,3.60,6.97
Operation Wildfire Case,MAG-7 | Praetorian,Restricted,3.97,7.53
Operation Wildfire Case,USP-S | Lead Conduit,Mil-Spec,0.71,6.09
Operation Wildfire Case,Dual Berettas | Cartel,Mil-Spec,0.54,2.88
Operation Wildfire Case,Tec-9 | Jambiya,Mil-Spec,0.57,2.03
Operation Wildfire Case,SSG 08 | Necropos,Mil-Spec,0.54,1.70
Operation Wildfire Case,PP-Bizon | Photic Zone,Mil-Spec,0.58,1.64
Operation Wildfire Case,MAC-10 | Lapis Gator,Mil-Spec,0.69,1.22
Revolver Case,M4A4 | Royal Paladin,Covert,9.66,285.12
Revolver Case,R8 Revolver | Fade,Covert,9.62,19.95
Revolver Case,AK-47 | Point Disarray,Classified,12.45,139.97
Revolver Case,G3SG1 | The Executioner,Classified,1.64,14.54
Revolver Case,P90 | Shapewood,Classified,1.66,22.88
Revolver Case,Negev | Power Loader,Restricted,0.83,7.73
Revolver Case,Tec-9 | Avalanche,Restricted,1.20,8.17
Revolver Case,SG 553 | Tiger Moth,Restricted,0.75,8.46
Revolver Case,XM1014 | Teclu Burner,Restricted,1.28,5.89
Revolver Case,Five-SeveN | Retrobution,Restricted,0.88,5.72
Revolver Case,PP-Bizon | Fuel Rod,Restricted,0.80,4.99
Revolver Case,R8 Revolver | Crimson Web,Mil-Spec,0.11,4.57
Revolver Case,Desert Eagle | Corinthian,Mil-Spec,0.29,0.88
Revolver Case,P2000 | Imperial,Mil-Spec,0.37,0.70
Revolver Case,AUG | Ricochet,Mil-Spec,0.11,0.76
Revolver Case,Sawed-Off | Yorick,Mil-Spec,0.11,0.92
Revolver Case,SCAR-20 | Outbreak,Mil-Spec,0.14,0.66
Shadow Case,M4A1-S | Golden Coil,Covert,59.43,330.78
Shadow Case,USP-S | Kill Confirmed,Covert,61.50,326.51
Shadow Case,AK-47 | Frontside Misty,Classified,17.25,127.25
Shadow Case,G3SG1 | Flux,Classified,8.99,36.00
Shadow Case,SSG 08 | Big Iron,Classified,9.85,35.88
Shadow Case,Galil AR | Stone Cold,Restricted,1.79,12.48
Shadow Case,P250 | Wingshot,Restricted,1.84,8.02
Shadow Case,M249 | Nebula Crusader,Restricted,1.57,6.87
Shadow Case,MP7 | Special Delivery,Restricted,1.70,6.90
Shadow Case,Glock-18 | Wraiths,Mil-Spec,0.26,1.96
Shadow Case,Dual Berettas | Dualing Dragons,Mil-Spec,0.24,2.49
Shadow Case,FAMAS | Survivor Z,Mil-Spec,0.23,0.95
Shadow Case,XM1014 | Scumbria,Mil-Spec,0.21,1.34
Shadow Case,MAG-7 | Cobalt Core,Mil-Spec,0.27,1.19
Shadow Case,MAC-10 | Rangeen,Mil-Spec,0.25,0.95
Shadow Case,SCAR-20 | Green Marine,Mil-Spec,0.23,0.87
Falchion Case,AK-47 | Aquamarine Revenge,Covert,35.51,269.60
Falchion Case,AWP | Hyper Beast,Covert,29.99,115.85
Falchion Case,MP7 | Nemesis,Classified,6.68,18.92
Falchion Case,SG 553 | Cyrex,Classified,4.64,23.00
Falchion Case,CZ75-Auto | Yellow Jacket,Classified,4.43,23.39
Falchion Case,Negev | Loudmouth,Restricted,0.94,7.74
Falchion Case,M4A4 | Evil Daimyo,Restricted,2.01,6.48
Falchion Case,MP9 | Ruby Poison Dart,Restricted,1.11,3.34
Falchion Case,P2000 | Handgun,Restricted,0.63,4.69
Falchion Case,FAMAS | Neural Net,Restricted,0.82,2.73
Falchion Case,Galil AR | Rocket Pop,Mil-Spec,0.54,9.20
Falchion Case,USP-S | Torque,Mil-Spec,0.76,2.10
Falchion Case,Glock-18 | Bunsen Burner,Mil-Spec,0.54,2.07
Falchion Case,P90 | Elite Build,Mil-Spec,0.43,1.30
Falchion Case,Nova | Ranger,Mil-Spec,0.53,1.03
Falchion Case,UMP-45 | Riot,Mil-Spec,0.36,0.74
Chroma 2 Case,M4A1-S | Hyper Beast,Covert,20.12,250.72
Chroma 2 Case,MAC-10 | Neon Rider,Covert,8.80,16.76
Chroma 2 Case,Galil AR | Eco,Classified,3.56,70.55
Chroma 2 Case,Five-SeveN | Monkey Business,Classified,3.15,20.60
Chroma 2 Case,FAMAS | Djinn,Classified,2.18,18.46
Chroma 2 Case,AWP | Worm God,Restricted,1.98,4.38
Chroma 2 Case,MAG-7 | Heat,Restricted,0.55,4.37
Chroma 2 Case,CZ75-Auto | Pole Position,Restricted,0.47,3.56
Chroma 2 Case,UMP-45 | Grand Prix,Restricted,0.52,1.32
Chroma 2 Case,AK-47 | Elite Build,Mil-Spec,1.30,9.73
Chroma 2 Case,P250 | Valence,Mil-Spec,0.15,1.11
Chroma 2 Case,Desert Eagle | Bronze Deco,Mil-Spec,0.16,0.59
Chroma 2 Case,MP7 | Armor Core,Mil-Spec,0.16,0.46
Chroma 2 Case,Sawed-Off | Origami,Mil-Spec,0.13,0.47
Chroma 2 Case,Negev | Man-o'-war,Mil-Spec,0.17,0.20
Operation Vanguard Weapon Case,AK-47 | Wasteland Rebel,Covert,45.22,583.02
Operation Vanguard Weapon Case,P2000 | Fire Elemental,Covert,12.27,42.58
Operation Vanguard Weapon Case,XM1014 | Tranquility,Classified,9.69,26.77
Operation Vanguard Weapon Case,P250 | Cartel,Classified,8.02,23.58
Operation Vanguard Weapon Case,SCAR-20 | Cardiac,Classified,4.06,21.51
Operation Vanguard Weapon Case,M4A1-S | Basilisk,Restricted,8.52,24.49
Operation Vanguard Weapon Case,M4A4 | Griffin,Restricted,2.01,14.26
Operation Vanguard Weapon Case,Glock-18 | Grinder,Restricted,1.85,3.06
Operation Vanguard Weapon Case,Sawed-Off | Highwayman,Restricted,0.70,3.34
Operation Vanguard Weapon Case,Five-SeveN | Urban Hazard,Mil-Spec,1.70,2.67
Operation Vanguard Weapon Case,MAG-7 | Firestarter,Mil-Spec,0.58,6.24
Operation Vanguard Weapon Case,UMP-45 | Delusion,Mil-Spec,0.55,2.18
Operation Vanguard Weapon Case,MP9 | Dart,Mil-Spec,0.63,2.35
Operation Vanguard Weapon Case,G3SG1 | Murky,Mil-Spec,0.70,1.22
eSports 2014 Summer Case,AK-47 | Jaguar,Covert,87.17,436.67
eSports 2014 Summer Case,M4A4 | Bullet Rain,Covert,24.05,223.93
eSports 2014 Summer Case,Nova | Bloomstick,Classified,10.88,92.39
eSports 2014 Summer Case,AWP | Corticera,Classified,20.21,76.21
eSports 2014 Summer Case,P2000 | Corticera,Classified,14.05,42.62
eSports 2014 Summer Case,AUG | Bengal Tiger,Classified,10.17,55.79
eSports 2014 Summer Case,Desert Eagle | Crimson Web,Restricted,12.76,181.41
eSports 2014 Summer Case,MP7 | Ocean Foam,Restricted,5.95,6.40
eSports 2014 Summer Case,Glock-18 | Steel Disruption,Restricted,4.30,5.93
eSports 2014 Summer Case,PP-Bizon | Blue Streak,Restricted,2.93,10.90
eSports 2014 Summer Case,P90 | Virus,Restricted,2.60,5.66
eSports 2014 Summer Case,MAC-10 | Ultraviolet,Mil-Spec,2.25,50.00
eSports 2014 Summer Case,Negev | Bratatat,Mil-Spec,1.78,8.77
eSports 2014 Summer Case,USP-S | Blood Tiger,Mil-Spec,4.90,6.26
eSports 2014 Summer Case,CZ75-Auto | Hexane,Mil-Spec,2.24,11.98
eSports 2014 Summer Case,SSG 08 | Dark Water,Mil-Spec,2.68,3.45
eSports 2014 Summer Case,XM1014 | Red Python,Mil-Spec,1.63,3.14
Operation Breakout Weapon Case,M4A1-S | Cyrex,Covert,27.60,129.97
Operation Breakout Weapon Case,P90 | Asiimov,Covert,8.33,50.11
Operation Breakout Weapon Case,Glock-18 | Water Elemental,Classified,5.00,20.82
Operation Breakout Weapon Case,Desert Eagle | Conspiracy,Classified,8.70,13.39
Operation Breakout Weapon Case,Five-SeveN | Fowl Play,Classified,3.02,22.00
Operation Breakout Weapon Case,Nova | Koi,Restricted,0.98,2.33
Operation Breakout Weapon Case,P250 | Supernova,Restricted,0.93,2.22
Operation Breakout Weapon Case,CZ75-Auto | Tigris,Restricted,0.74,3.24
Operation Breakout Weapon Case,PP-Bizon | Osiris,Restricted,0.82,2.09
Operation Breakout Weapon Case,SSG 08 | Abyss,Mil-Spec,0.14,4.42
Operation Breakout Weapon Case,P2000 | Ivory,Mil-Spec,0.13,1.01
Operation Breakout Weapon Case,UMP-45 | Labyrinth,Mil-Spec,0.16,0.48
Operation Breakout Weapon Case,MP7 | Urban Hazard,Mil-Spec,0.14,0.43
Operation Breakout Weapon Case,Negev | Desert-Strike,Mil-Spec,0.14,0.39
Huntsman Weapon Case,M4A4 | Desert-Strike,Covert,6.11,41.06
Huntsman Weapon Case,AK-47 | Vulcan,Covert,254.77,"1,397.05"
Huntsman Weapon Case,USP-S | Caiman,Classified,62.63,101.20
Huntsman Weapon Case,M4A1-S | Atomic Alloy,Classified,54.81,174.68
Huntsman Weapon Case,SCAR-20 | Cyrex,Classified,46.00,123.43
Huntsman Weapon Case,MAC-10 | Tatter,Restricted,10.50,15.30
Huntsman Weapon Case,PP-Bizon | Antique,Restricted,11.66,20.17
Huntsman Weapon Case,AUG | Torque,Restricted,10.86,19.98
Huntsman Weapon Case,XM1014 | Heaven Guard,Restricted,10.20,19.82
Huntsman Weapon Case,P90 | Module,Mil-Spec,2.19,3.00
Huntsman Weapon Case,P2000 | Pulse,Mil-Spec,1.92,2.66
Huntsman Weapon Case,CZ75-Auto | Twist,Mil-Spec,2.01,2.93
Huntsman Weapon Case,Tec-9 | Isaac,Mil-Spec,2.69,19.98
Huntsman Weapon Case,Galil AR | Kami,Mil-Spec,1.99,4.96
Huntsman Weapon Case,SSG 08 | Slashed,Mil-Spec,1.97,2.23
Operation Phoenix Weapon Case,AWP | Asiimov,Covert,98.90,175.04
Operation Phoenix Weapon Case,AUG | Chameleon,Covert,2.62,7.13
Operation Phoenix Weapon Case,AK-47 | Redline,Classified,31.81,303.09
Operation Phoenix Weapon Case,Nova | Antique,Classified,13.45,18.33
Operation Phoenix Weapon Case,P90 | Trigon,Classified,11.65,13.58
Operation Phoenix Weapon Case,USP-S | Guardian,Restricted,6.36,13.05
Operation Phoenix Weapon Case,MAC-10 | Heat,Restricted,3.48,16.68
Operation Phoenix Weapon Case,SG 553 | Pulse,Restricted,3.46,12.07
Operation Phoenix Weapon Case,FAMAS | Sergeant,Restricted,3.15,11.66
Operation Phoenix Weapon Case,Tec-9 | Sandstorm,Mil-Spec,0.63,3.14
Operation Phoenix Weapon Case,MAG-7 | Heaven Guard,Mil-Spec,0.78,1.38
Operation Phoenix Weapon Case,Negev | Terrain,Mil-Spec,0.70,1.47
Operation Phoenix Weapon Case,UMP-45 | Corporal,Mil-Spec,0.60,1.50
CS:GO Weapon Case 3,CZ75-Auto | Victoria,Covert,5.89,17.51
CS:GO Weapon Case 3,P250 | Undertow,Classified,35.37,58.00
CS:GO Weapon Case 3,CZ75-Auto | The Fuschia Is Now,Classified,24.00,54.92
CS:GO Weapon Case 3,Desert Eagle | Heirloom,Restricted,5.03,25.37
CS:GO Weapon Case 3,Five-SeveN | Copper Galaxy,Restricted,10.07,11.43
CS:GO Weapon Case 3,Tec-9 | Titanium Bit,Restricted,5.65,8.07
CS:GO Weapon Case 3,CZ75-Auto | Tread Plate,Restricted,5.66,6.99
CS:GO Weapon Case 3,USP-S | Stainless,Mil-Spec,5.21,31.01
CS:GO Weapon Case 3,Glock-18 | Blue Fissure,Mil-Spec,1.58,21.57
CS:GO Weapon Case 3,CZ75-Auto | Crimson Web,Mil-Spec,1.00,14.67
CS:GO Weapon Case 3,Dual Berettas | Panther,Mil-Spec,1.23,4.21
CS:GO Weapon Case 3,P2000 | Red FragCam,Mil-Spec,0.97,2.33
Winter Offensive Weapon Case,M4A4 | Asiimov,Covert,98.78,233.15
Winter Offensive Weapon Case,Sawed-Off | The Kraken,Covert,6.36,17.20
Winter Offensive Weapon Case,AWP | Redline,Classified,55.00,103.47
Winter Offensive Weapon Case,M4A1-S | Guardian,Classified,26.63,51.15
Winter Offensive Weapon Case,P250 | Mehndi,Classified,15.27,34.70
Winter Offensive Weapon Case,Dual Berettas | Marina,Restricted,5.91,22.91
Winter Offensive Weapon Case,MP9 | Rose Iron,Restricted,7.51,10.70
Winter Offensive Weapon Case,FAMAS | Pulse,Restricted,6.36,10.87
Winter Offensive Weapon Case,Nova | Rising Skull,Restricted,5.99,9.93
Winter Offensive Weapon Case,Five-SeveN | Kami,Mil-Spec,2.03,4.20
Winter Offensive Weapon Case,Galil AR | Sandstorm,Mil-Spec,1.15,4.71
Winter Offensive Weapon Case,PP-Bizon | Cobalt Halftone,Mil-Spec,0.83,1.96
Winter Offensive Weapon Case,M249 | Magma,Mil-Spec,0.94,1.54
eSports 2013 Winter Case,M4A4 | X-Ray,Covert,26.29,84.82
eSports 2013 Winter Case,Desert Eagle | Cobalt Disruption,Classified,96.00,108.04
eSports 2013 Winter Case,AWP | Electric Hive,Classified,44.85,67.91
eSports 2013 Winter Case,FAMAS | Afterimage,Classified,34.27,50.64
eSports 2013 Winter Case,AK-47 | Blue Laminate,Restricted,18.56,25.30
eSports 2013 Winter Case,P90 | Blind Spot,Restricted,9.95,13.00
eSports 2013 Winter Case,PP-Bizon | Water Sigil,Mil-Spec,2.21,57.52
eSports 2013 Winter Case,Galil AR | Blue Titanium,Mil-Spec,4.29,4.29
eSports 2013 Winter Case,G3SG1 | Azure Zebra,Mil-Spec,2.91,3.31
eSports 2013 Winter Case,P250 | Steel Disruption,Mil-Spec,2.47,4.30
eSports 2013 Winter Case,Nova | Ghost Camo,Mil-Spec,2.35,4.51
eSports 2013 Winter Case,Five-SeveN | Nightshade,Mil-Spec,1.97,3.45
CS:GO Weapon Case 2,SSG 08 | Blood in the Water,Covert,69.98,120.12
CS:GO Weapon Case 2,P90 | Cold Blooded,Classified,67.00,81.61
CS:GO Weapon Case 2,USP-S | Serum,Classified,51.08,64.00
CS:GO Weapon Case 2,MP9 | Hypnotic,Restricted,12.93,20.99
CS:GO Weapon Case 2,Five-SeveN | Case Hardened,Restricted,10.19,24.11
CS:GO Weapon Case 2,Dual Berettas | Hemoglobin,Restricted,12.92,16.28
CS:GO Weapon Case 2,Nova | Graphite,Restricted,9.78,15.06
CS:GO Weapon Case 2,SCAR-20 | Crimson Web,Mil-Spec,2.81,19.34
CS:GO Weapon Case 2,M4A1-S | Blood Tiger,Mil-Spec,5.86,7.40
CS:GO Weapon Case 2,Tec-9 | Blue Titanium,Mil-Spec,4.51,4.51
CS:GO Weapon Case 2,P250 | Hive,Mil-Spec,4.04,4.52
CS:GO Weapon Case 2,FAMAS | Hexane,Mil-Spec,3.19,4.41
Operation Bravo Case,AK-47 | Fire Serpent,Covert,940.93,"1,325.00"
Operation Bravo Case,Desert Eagle | Golden Koi,Covert,196.09,288.61
Operation Bravo Case,P90 | Emerald Dragon,Classified,147.47,878.23
Operation Bravo Case,AWP | Graphite,Classified,196.76,214.90
Operation Bravo Case,P2000 | Ocean Foam,Classified,200.00,212.00
Operation Bravo Case,USP-S | Overgrowth,Restricted,35.54,98.45
Operation Bravo Case,M4A4 | Zirka,Restricted,39.14,180.29
Operation Bravo Case,M4A1-S | Bright Water,Restricted,43.19,44.43
Operation Bravo Case,MAC-10 | Graven,Restricted,38.60,74.07
Operation Bravo Case,Galil AR | Shattered,Mil-Spec,9.44,33.61
Operation Bravo Case,SG 553 | Wave Spray,Mil-Spec,9.34,18.64
Operation Bravo Case,UMP-45 | Bone Pile,Mil-Spec,9.94,22.85
Operation Bravo Case,Dual Berettas | Black Limba,Mil-Spec,9.20,21.20
Operation Bravo Case,Nova | Tempest,Mil-Spec,9.54,13.98
Operation Bravo Case,G3SG1 | Demeter,Mil-Spec,9.79,21.00
eSports 2013 Case,P90 | Death by Kitty,Covert,58.38,69.08
eSports 2013 Case,AWP | BOOM,Classified,165.76,746.08
eSports 2013 Case,AK-47 | Red Laminate,Classified,81.80,559.98
eSports 2013 Case,Sawed-Off | Orange DDPAT,Restricted,26.34,181.17
eSports 2013 Case,Galil AR | Orange DDPAT,Restricted,24.88,101.26
eSports 2013 Case,P250 | Splash,Restricted,29.24,64.11
eSports 2013 Case,M4A4 | Faded Zebra,Mil-Spec,4.66,26.54
eSports 2013 Case,MAG-7 | Memento,Mil-Spec,4.96,5.84
eSports 2013 Case,FAMAS | Doomkitty,Mil-Spec,5.13,6.50
CS:GO Weapon Case,AWP | Lightning Strike,Covert,850.00,960.13
CS:GO Weapon Case,AK-47 | Case Hardened,Classified,262.72,544.00
CS:GO Weapon Case,Desert Eagle | Hypnotic,Classified,126.93,190.30
CS:GO Weapon Case,Glock-18 | Dragon Tattoo,Restricted,134.98,179.14
CS:GO Weapon Case,USP-S | Dark Water,Restricted,121.21,146.64
CS:GO Weapon Case,M4A1-S | Dark Water,Restricted,115.00,116.90
CS:GO Weapon Case,SG 553 | Ultraviolet,Mil-Spec,28.09,58.65
CS:GO Weapon Case,AUG | Wings,Mil-Spec,35.20,378.35
CS:GO Weapon Case,MP7 | Skulls,Mil-Spec,29.24,29.99